{"cameraMode":{"drawMode":0,"name":"Shaded","section":"Shading Mode"},"sceneLighting":true,"audioPlay":false,"sceneViewState":{"m_AlwaysRefresh":false,"showFog":true,"showSkybox":true,"showFlares":true,"showImageEffects":true,"showParticleSystems":true,"showVisualEffectGraphs":true,"m_FxEnabled":true},"in2DMode":false,"pivot":{"x":5.280670166015625,"y":-2.900806427001953,"z":22.424718856811525},"rotation":{"x":-0.15070845186710359,"y":0.0820489153265953,"z":-0.012583659961819649,"w":-0.9851322174072266},"size":23.354331970214845,"orthographic":false}