{"cameraMode":{"drawMode":0,"name":"Shaded","section":"Shading Mode"},"sceneLighting":true,"audioPlay":false,"sceneViewState":{"m_AlwaysRefresh":false,"showFog":true,"showSkybox":true,"showFlares":true,"showImageEffects":true,"showParticleSystems":true,"showVisualEffectGraphs":true,"m_FxEnabled":true},"in2DMode":false,"pivot":{"x":7.5417914390563969,"y":6.5795769691467289,"z":-6.4297003746032719},"rotation":{"x":-0.002066199667751789,"y":0.9954461455345154,"z":-0.09315446019172669,"w":-0.02241317555308342},"size":20.5240478515625,"orthographic":false}